Sub_Dept,Work_Date,Shift_Name,Dock_Name,Door_Name,BOL_Number,Live_Load,Hot_Load,Drive_Off,No_Appointment,Appointment_ID,Appointment_Time,Gate_In_Time,Receiver_Check_In_Time,Received_Time,Docked_Time,Work_Start_Time,Work_End_Time,Total_Time_In_Minutes,Driver_Called_Time,Bills_To_Driver_Time,Gate_Out_Time,Total_Load_Delay_Min,Trailer_Type_Name,Carrier_Name,Trailer_Number,Main_PO_Number,Main_Vendor_Name,Main_Vendor_Number,Main_Product_Name,Load_Type_Name,Bill_Code_Name,Unload_Type_Name,Bill_Rate_Name,Total_Case_Count,Total_Pallet_White_In_Count,Total_Pallet_Chep_In_Count,Total_Pallet_Peco_In_Count,Total_Pallet_IGps_In_Count,Total_Totes_In_Count,Total_Pallet_In_Count,Total_Pallet_Finished_Count,Total_Pallet_Created_Count,Total_Item_Count,Total_Tray_Count,Total_Layer_Count,Total_PO_Weight,Total_Cube,Service_Hours,Adjustment_Amount,Adjustment_Reason,Total_Load_Cost,Total_Payment,Cash_Amount,Check_Amount,Relay_Amount,Auto_Pay_Amount,Capstone_Pay_Amount,Fleet_Friend_Amount,Convenience_Fee,Handling_Fee,Check_Number,Credit_Amount,Credit_Auth_Number,Debit_Amount,Debit_Auth_Number,Total_COD_Amount,BillTo_Amount,Receipt_Number,Receipt_Printed,Override_User_Name,Override_Time,Override_Reason,Created_Device_ID,Created_By,Created_Date,Modified_Device_ID,Modified_By,Modified_Date
27,02/04/2025,,FROZEN,129F,,1,0,0,0,5662562,02/04/2025 15:00,,,02/04/2025 13:17,,02/04/2025 13:19,02/04/2025 13:30,11,,02/04/2025 13:31,,0,,KC TRANSPORT,V8655,301723,CONECUH SAUSAGE COMPANY,10724,,Vendor Ship,27RCODMDI,BRK DOWN,VDERSHBRK135_30027,200,1,0,0,0,0,1,6,5,0,0,0,2700,0,0,,,170,170,0,0,0,0,170,0,10,0,,0,,0,,0,0,33d17963-d6fe-4e49-bbbf-38162408e2bc,1,,,,2924,april.parlier,02/04/2025 13:21,0,april.parlier,02/04/2025 13:27
27,02/04/2025,,PERISHABLE,202M,,1,0,0,0,5661515,02/04/2025 11:00,,,02/04/2025 12:55,,02/04/2025 12:59,02/04/2025 13:10,11,,02/04/2025 13:24,,0,,BALTER MEAT,V28620,302464,BALTER MEAT COMPANY,11164,,Vendor Ship,27RCODMDI,BRK DOWN,VDERSHBRK160_30027,350,13,0,0,0,0,13,14,1,0,0,0,28700,0,0,,,175,175,0,0,0,0,175,0,10,0,,0,,0,,0,0,af5f471f-93c1-42f0-bb94-eddda902922d,1,,,,2924,april.parlier,02/04/2025 13:02,0,april.parlier,02/04/2025 13:24
27,02/04/2025,,PERISHABLE,228P,,1,0,0,0,5672057,02/04/2025 12:00,,,02/04/2025 12:54,,02/04/2025 12:55,02/04/2025 13:06,11,,02/04/2025 13:24,,0,,COLINES,V2262,10056701,TOPCO,0,,Vendor Ship,27RCODMDI,BRK DOWN,VDERSHBRK135_30027,756,6,0,0,0,0,6,7,1,0,0,0,4224,0,0,,,150,150,0,0,0,0,150,0,10,0,,0,,0,,0,0,3fc9f709-f038-495b-a3a5-6ca6b8427dee,1,,,,2924,april.parlier,02/04/2025 13:01,0,april.parlier,02/04/2025 13:24
27,02/04/2025,,DRY,402D,,0,0,0,0,,,,,02/04/2025 12:39,,02/04/2025 12:40,02/04/2025 12:51,11,,,,0,,UPS/FEDEX,1,40060326,UPSFEDEX,0,,Logistics,27RMDICON,BRK DOWN,LOGUPS033_30027,9,1,0,0,0,0,1,7,6,0,0,0,0,0,0,,,2.97,2.97,0,0,0,0,0,0,0,0,,0,,0,,0,2.97,95cc5d02-98dd-40de-a1aa-bdf1cc132515,0,,,,2924,73558,02/04/2025 13:17,0,73558,02/04/2025 13:18
27,02/04/2025,,PERISHABLE,230P,,0,0,0,0,5672030,02/04/2025 17:00,,,02/04/2025 12:17,,02/04/2025 12:20,02/04/2025 13:07,47,,,,0,,MDI BACKHAUL,3T1507,10056505,NATURE'S FLOWERS,60265,,BKHL,27RMDIBKH,BRK DOWN,LOGCODEBBRK61_30027,669,20,0,0,0,0,20,26,6,0,0,0,10129,0,0,,,61,61,0,0,0,0,0,0,0,0,,0,,0,,0,61,bdaa813f-7e3d-4e23-a598-d478428293c7,0,,,,2924,april.parlier,02/04/2025 12:22,0,april.parlier,02/04/2025 13:08
27,02/04/2025,,FROZEN,125F,,0,0,0,0,5661279,02/03/2025 22:00,,,02/04/2025 12:16,,02/04/2025 12:38,02/04/2025 13:16,38,,,,0,,OZARK MOTOR LINES INC,OZR10249,302389,LEWIS BAKERIES,0,,Logistics,27RMDICON,BRK DOWN,LOGCODECBRK92_30027,3326,30,0,0,0,0,30,68,38,0,0,0,22272,0,0,,,92.5,92.5,0,0,0,0,0,0,0,0,,0,,0,,0,92.5,526563a0-0d6f-4972-adf1-e65975d8f89a,0,,,,2924,april.parlier,02/04/2025 12:42,0,april.parlier,02/04/2025 13:16
27,02/04/2025,,PERISHABLE,233P,,0,0,0,0,5658657,02/04/2025 18:00,,,02/04/2025 12:15,,02/04/2025 12:38,02/04/2025 12:59,21,,,,0,,MARTEN TRANSPORT LTD,V24754,16550025,MINUTE MAID COMPANY,0,,Logistics,27RMDICON,ROLL OFF,LOGCODEAROFF25_30027,1201,16,0,0,0,0,16,16,0,0,0,0,38134,0,0,,,25,25,0,0,0,0,0,0,0,0,,0,,0,,0,25,5d58e83b-de28-410e-ae1e-ff8947b52187,0,,,,2924,april.parlier,02/04/2025 12:42,0,april.parlier,02/04/2025 13:00
27,02/04/2025,,PERISHABLE,241B,,1,0,0,0,5674452,02/04/2025 09:00,,,02/04/2025 12:06,,02/04/2025 12:07,02/04/2025 12:18,11,,02/04/2025 12:33,,0,,TOBIAS FARMS,V22104,10056753,AAA PRODUCE EXCHANGE,63831,,Vendor Ship,27RCODMDI,BRK DOWN,VDERSHBRK160_30027,800,21,0,0,0,0,21,22,1,0,0,0,40760,0,0,60,Static-Negotiated Rate,235,235,0,0,0,0,235,0,10,0,,0,,0,,0,0,58094698-7d24-4170-ba99-68f1a86e2c4b,1,,,,2924,april.parlier,02/04/2025 12:27,0,april.parlier,02/04/2025 12:32
27,02/04/2025,,DRY,401D,,0,0,0,0,,,,,02/04/2025 12:00,,02/04/2025 12:01,02/04/2025 12:12,11,,,,0,,CARGO,279838,40067330,PACIFIC COAST PRODUCERS,70276,,Logistics,27RMDICON,BRK DOWN,LOGCODEBBRK61_30027,200,19,0,0,0,0,19,22,3,0,0,0,0,0,0,,,61,61,0,0,0,0,0,0,0,0,,0,,0,,0,61,5576df7f-41ad-4238-9ccf-104b8e40f281,0,,,,2924,april.parlier,02/04/2025 12:58,0,april.parlier,02/04/2025 12:58
27,02/04/2025,,PERISHABLE,206M,,1,0,0,0,5659078,02/04/2025 12:00,,,02/04/2025 11:50,,02/04/2025 11:52,02/04/2025 12:03,11,,02/04/2025 13:24,,0,,FFE TRANSPORTATION SERVICES INC,V774177,302038,HANS KISSLE LLC,13255,,Vendor Ship,27RCODMDI,BRK DOWN,VDERSHBRK160_30027,440,17,0,0,0,0,17,29,12,0,0,0,3090,0,0,,,230,230,0,0,0,0,230,0,10,0,,0,,0,,0,0,6bb50a73-ee9d-4835-a1b4-e31fe55c326f,1,,,,2924,april.parlier,02/04/2025 12:24,0,april.parlier,02/04/2025 13:24
27,02/04/2025,,DRY,413,,0,0,0,0,,,,,02/04/2025 11:47,,02/04/2025 12:40,02/04/2025 13:15,35,,,,0,,MDI BACKHAUL,3d1080,40068116,BEVCO,0,,BKHL,27RMDIBKH,ROLL OFF,LOGCODEAROFF25_30027,2000,20,0,0,0,0,20,20,0,0,0,0,0,0,0,,,25,25,0,0,0,0,0,0,0,0,,0,,0,,0,25,1e319f0a-79a0-4316-9946-82cfeacf4393,0,,,,2924,73558,02/04/2025 13:15,0,73558,02/04/2025 13:16
27,02/04/2025,,DRY,414,,0,0,0,0,,,,,02/04/2025 11:45,,02/04/2025 13:00,02/04/2025 13:12,12,,,,0,,MDI BACKHAUL,3d7191,40066317,NIAGARA,30097,,BKHL,27RMDIBKH,BRK DOWN,LOGCODEBBRK61_30027,687,19,0,0,0,0,19,23,4,0,0,0,0,0,0,,,61,61,0,0,0,0,0,0,0,0,,0,,0,,0,61,7dc58b41-bb83-40eb-9c29-382a630432bb,0,,,,2924,73558,02/04/2025 13:11,0,73558,02/04/2025 13:12
27,02/04/2025,,DRY,411D,,0,0,0,0,5660144,02/04/2025 11:00,,,02/04/2025 11:45,,02/04/2025 11:47,02/04/2025 11:58,11,,,01/01/1970 00:00,0,,MDI BACKHAUL,3d7212,293085,CONAGRA GROCERY,70377,,BKHL,27RMDIBKH,BRK DOWN,LOGCODECBRK92_30027,2719,40,0,0,0,0,40,73,33,0,0,0,43808,0,0,,,92.5,92.5,0,0,0,0,0,0,0,0,,0,,0,,0,92.5,ddbea904-9463-4afb-badf-79f4fe1636a9,0,,,,2924,73558,02/04/2025 13:05,0,73558,02/04/2025 13:06
27,02/04/2025,,DRY,416,,0,0,0,0,,,,,02/04/2025 11:42,,02/04/2025 12:00,02/04/2025 13:00,60,,,,0,,SOUTHLAND,10230,40059514,HANOVER,70908,,Logistics,27RMDICON,BRK DOWN,LOGCODEBBRK61_30027,2033,16,0,0,0,0,16,20,4,0,0,0,0,0,0,,,61,61,0,0,0,0,0,0,0,0,,0,,0,,0,61,00692a3b-5b7b-4b12-a495-853a3d63836a,0,,,,2924,73558,02/04/2025 13:00,0,73558,02/04/2025 13:01
27,02/04/2025,,DRY,407D,,0,0,0,0,5667550,02/04/2025 09:00,,,02/04/2025 11:00,,02/04/2025 11:15,02/04/2025 11:33,18,,,,0,,MDI BACKHAUL,3T1045,40068402,SUNNY DELIGHT BEVERAGE CO.,70821,,BKHL,27RMDIBKH,ROLL OFF,LOGCODEAROFF25_30027,20,20,0,0,0,0,20,20,0,0,0,0,19900,0,0,,,25,25,0,0,0,0,0,0,0,0,,0,,0,,0,25,9ed30d49-834c-41be-b91f-4707dbacbc95,0,,,,2924,73558,02/04/2025 11:33,0,73558,02/04/2025 11:48
27,02/04/2025,,DRY,409D,,1,0,0,0,5652894,02/05/2025 23:00,,,02/04/2025 10:59,,02/04/2025 11:14,02/04/2025 11:31,17,,02/04/2025 11:48,,0,,OZARK MOTOR LINES INC,V10994,16200174,CONAGRA GROCERY,70377,,Vendor Ship,27RCODMDI,BRK DOWN,VDERSHBRK160_30027,2016,18,0,0,0,0,18,19,1,0,0,0,44749,0,0,,,185,185,0,0,0,0,185,0,10,0,,0,,0,,0,0,96a0f7ab-2b0e-41b4-b827-1df9d7e8de25,1,,,,2924,73558,02/04/2025 11:31,0,73558,02/04/2025 11:48
27,02/04/2025,,PERISHABLE,204M,,0,0,0,0,5672054,02/05/2025 08:00,,,02/04/2025 10:57,,02/04/2025 12:20,02/04/2025 12:38,18,,,,0,,MDI BACKHAUL,3T1465,302514,PERDUE FARMS INC,10146,,BKHL,27RMDIBKH,BRK DOWN,LOGCODEBBRK61_30027,560,15,0,0,0,0,15,16,1,0,0,0,26872,0,0,,,61,61,0,0,0,0,0,0,0,0,,0,,0,,0,61,b1c60009-b2dd-4252-9ea8-47693e0c9538,0,,,,2924,april.parlier,02/04/2025 12:21,0,april.parlier,02/04/2025 12:39
27,02/04/2025,,FROZEN,134F,,1,0,0,0,5660480,02/04/2025 02:00,,,02/04/2025 10:40,,02/04/2025 10:46,02/04/2025 10:57,11,,02/04/2025 12:09,,0,,PRO INTERMODAL,V7428,302396,CROWN BAKERIES LLC,23124,,Vendor Ship,27RCODMDI,BRK DOWN,VDERSHBRK135_30027,304,8,0,0,0,0,8,9,1,0,0,0,4094,0,0,,,160,160,0,0,160,0,0,0,10,0,,0,,0,,0,0,34a9b0db-9768-4832-917e-a02aed07db01,1,,,,2924,april.parlier,02/04/2025 10:56,0,april.parlier,02/04/2025 12:09
27,02/04/2025,,PERISHABLE,202M,,1,0,0,0,5661904,02/04/2025 23:00,,,02/04/2025 10:30,,02/04/2025 10:32,02/04/2025 10:43,11,,02/04/2025 11:21,,0,,SUNLAND DISTRIBUTION,V1363,302060,MARK FOODS LLC,10227,,Vendor Ship,27RCODMDI,BRK DOWN,VDERSHBRK135_30027,300,3,0,0,0,0,3,6,3,0,0,0,3300,0,0,,,160,160,0,0,0,0,160,0,10,0,,0,,0,,0,0,9dd72f08-a5de-4a5c-b967-c3e7606c49f4,1,,,,2924,april.parlier,02/04/2025 10:37,0,april.parlier,02/04/2025 11:21
27,02/04/2025,1ST,DRY,410D,,1,1,0,0,5636641,02/04/2025 10:00,,,02/04/2025 10:28,,02/04/2025 11:00,02/04/2025 11:11,11,,02/04/2025 13:19,,0,,CALIFORNIA,V01709,40068235,LIBMAN BROOM COMPANY INC.,50705,,Vendor Ship,27RCODMDI,BRK DOWN,VDERSHBRK160_30027,2136,14,0,0,0,0,14,41,27,0,0,0,9548,0,0,,,335,335,0,0,0,0,335,0,10,0,,0,,0,,0,0,97f1fa73-1dae-46c9-8890-9ace318df3aa,1,,,,2924,159622,02/04/2025 10:31,0,73558,02/04/2025 13:18
27,02/04/2025,,PERISHABLE,231P,,1,0,0,0,5663203,02/04/2025 09:00,,,02/04/2025 10:09,,02/04/2025 10:28,02/04/2025 10:39,11,,02/04/2025 12:32,,0,,PGS TRANSPORT,V5448,10056696,RUBY ROBINSON COMPANY,60452,,Vendor Ship,27RCODMDI,BRK DOWN,VDERSHBRK160_30027,1248,14,0,0,0,0,14,26,12,0,0,0,30004,0,0,50,Static-Negotiated Rate,300,300,0,0,0,0,300,0,10,0,,0,,0,,0,0,e40f3a00-da9e-40a7-87fd-b2ce7b3c1c2b,1,,,,2924,april.parlier,02/04/2025 10:38,0,april.parlier,02/04/2025 12:32
27,02/04/2025,,PERISHABLE,242B,,0,0,0,0,5658133,02/05/2025 12:00,,,02/04/2025 10:08,,02/04/2025 10:49,02/04/2025 12:20,91,,,01/01/1970 00:00,0,,BOTTOMLEY ENTERPRISES INC,BOT589,40069031,TROPICANA PRODUCT SALES INC,20433,,Logistics,27RMDICON,BRK DOWN,LOGCODEBBRK61_30027,1755,19,0,0,0,0,19,21,2,0,0,0,41132,0,0,,,61,61,0,0,0,0,0,0,0,0,,0,,0,,0,61,5f0f49ea-1db3-40b7-910d-2449156266aa,0,,,,2924,april.parlier,02/04/2025 10:54,0,april.parlier,02/04/2025 12:30
27,02/04/2025,,DRY,401D,,1,0,0,0,5657798,02/04/2025 11:00,,,02/04/2025 09:55,,02/04/2025 09:56,02/04/2025 11:30,94,,,,0,,MABE TRUCKING CO INC,23729,40068654,TOPCO/REYNOLDS PRESTO PRODUCTS,70005,,Vendor Ship,27RCODMDI,BRK DOWN,VDERSHBRK160_30027,1894,32,0,0,0,0,32,39,7,0,0,0,19948,0,0,,,225,225,0,0,225,0,0,0,10,0,,0,,0,,0,0,5d39c14a-e3a8-40ae-bdad-c1641d27e291,1,,,,2924,73558,02/04/2025 09:56,0,73558,02/04/2025 10:48
27,02/04/2025,,PERISHABLE,B06,,0,0,0,0,5615642,02/04/2025 15:00,,,02/04/2025 09:50,,02/04/2025 09:52,02/04/2025 10:46,54,,,,0,,LEONARDS EXPRESS INC,LDE4155,10055698,TOPCO,0,,Logistics,27RMDICON,ROLL OFF,LOGCODEAROFF25_30027,960,20,0,0,0,0,20,20,0,0,0,0,39592,0,0,,,25,25,0,0,0,0,0,0,0,0,,0,,0,,0,25,56e94bab-b7d2-4971-bda8-059c7624d1e3,0,,,,2924,april.parlier,02/04/2025 09:54,0,april.parlier,02/04/2025 10:47
27,02/04/2025,,PERISHABLE,232P,,0,0,0,0,5637062,02/05/2025 20:00,,,02/04/2025 09:39,,02/04/2025 10:11,02/04/2025 10:28,17,,,,0,,MDI BACKHAUL,3T1360,40068508,WHITE WAVE INC.,70479,,BKHL,27RMDIBKH,ROLL OFF,LOGCODEAROFF25_30027,720,9,0,0,0,0,9,9,0,0,0,0,20430,0,0,,,25,25,0,0,0,0,0,0,0,0,,0,,0,,0,25,c71ce0dd-96f4-4486-afe7-36a5ae9c8a63,0,,,,2924,april.parlier,02/04/2025 10:23,0,april.parlier,02/04/2025 10:29
27,02/04/2025,,FROZEN,131F,,0,0,0,0,5648150,02/04/2025 10:00,,,02/04/2025 09:25,,02/04/2025 09:44,02/04/2025 12:38,174,,,,0,,MDI BACKHAUL,3T1463,302153,SWAGGERTY SAUSAGE CO. INC.,10294,,BKHL,27RMDIBKH,BRK DOWN,LOGCODECBRK92_30027,2390,49,0,0,0,0,49,46,3,0,0,0,36931,0,0,,,92.5,92.5,0,0,0,0,0,0,0,0,,0,,0,,0,92.5,4695a402-10a4-4584-8849-9a2b31321ce9,0,,,,2924,april.parlier,02/04/2025 09:53,0,april.parlier,02/04/2025 12:39
27,02/04/2025,,PERISHABLE,229P,,0,0,0,0,5669746,02/04/2025 03:00,,,02/04/2025 09:24,,02/04/2025 09:28,02/04/2025 10:30,62,,,,0,,MDI BACKHAUL,3T1495,10056633,FRESH EXPRESS,0,,BKHL,27RMDIBKH,BRK DOWN,LOGCODEBBRK61_30027,2301,21,0,0,0,0,21,39,18,0,0,0,16550,0,0,,,61,61,0,0,0,0,0,0,0,0,,0,,0,,0,61,de4463f7-a2b8-407f-8e03-1f24211be008,0,,,,2924,april.parlier,02/04/2025 09:34,0,april.parlier,02/04/2025 10:46
27,02/04/2025,1ST,DRY,414,,1,1,0,0,5669382,02/04/2025 10:00,,,02/04/2025 09:21,,02/04/2025 10:23,02/04/2025 10:44,21,,02/04/2025 10:36,,0,,ARRIVE LOGISTICS AKA DM TRANS,V5610,40069229,HARVEST HILL BEVERAGE COMPANY,70198,,Logistics,27RMDICON,ROLL OFF,LOGCODEAROFF25_30027,1245,21,0,0,0,0,21,21,0,0,0,0,42937,0,0,,,25,25,0,0,0,0,0,0,0,0,,0,,0,,0,25,b139cc3e-85ba-4263-8bf2-b3878652407a,0,,,,2924,159622,02/04/2025 09:23,0,159622,02/04/2025 10:36
27,02/04/2025,1ST,DRY,413,,0,1,0,0,5667527,02/04/2025 08:00,,,02/04/2025 09:19,,02/04/2025 09:56,02/04/2025 10:19,23,,,,0,,MDI BACKHAUL,3T1352,40068404,SUNNY DELIGHT BEVERAGE CO.,70821,,BKHL,27RMDIBKH,ROLL OFF,LOGCODEAROFF25_30027,20,20,0,0,0,0,20,20,0,0,0,0,19900,0,0,,,25,25,0,0,0,0,0,0,0,0,,0,,0,,0,25,de153bfc-0673-40ee-9256-0932e1fe1244,0,,,,2924,159622,02/04/2025 09:24,0,73558,02/04/2025 12:21
27,02/04/2025,1ST,DRY,411D,,0,1,0,0,5668717,02/04/2025 00:00,,,02/04/2025 09:18,,02/04/2025 09:45,02/04/2025 10:17,32,,,,0,,MDI BACKHAUL,3CB7275,40069522,BUSH BROTHERS AND COMPANY,10641,,BKHL,27RMDIBKH,BRK DOWN,LOGCODEBBRK61_30027,2058,19,0,0,0,0,19,22,3,0,0,0,41909,0,0,,,61,61,0,0,0,0,0,0,0,0,,0,,0,,0,61,44b688b5-8ba7-4223-b4fa-86322683d01b,0,,,,2924,159622,02/04/2025 09:26,0,73558,02/04/2025 12:18
27,02/04/2025,,FROZEN,129F,,1,0,0,0,5630507,02/04/2025 09:00,,,02/04/2025 09:05,,02/04/2025 09:57,02/04/2025 10:08,11,,02/04/2025 10:57,,0,,DERD,V7446,301274,CREST HILL BAKERY,20285,,Vendor Ship,27RCODMDI,BRK DOWN,VDERSHBRK160_30027,828,24,0,0,0,0,24,25,1,0,0,0,15144,0,0,,,175,175,0,0,0,0,175,0,10,0,,0,,0,,0,0,05df38c5-daa9-4e48-a43e-20b0a9a2b2f6,1,,,,2924,april.parlier,02/04/2025 09:59,0,april.parlier,02/04/2025 10:57
27,02/04/2025,1ST,DRY,406D,,1,1,0,0,5659564,02/04/2025 04:00,,,02/04/2025 09:05,,02/04/2025 09:43,02/04/2025 09:59,16,,02/04/2025 11:20,,0,,LANTER DISTRIBUTING LLC,V5315112,40066798,ALBANESE,0,,Vendor Ship,27RCODMDI,BRK DOWN,VDERSHBRK135_30027,334,2,0,0,0,0,2,6,4,0,0,0,2607,0,0,,,165,165,0,0,0,0,165,0,10,0,,0,,0,,0,0,1eebaa0d-33ea-4bde-b31c-e15d6764b626,1,,,,2924,159622,02/04/2025 09:07,0,159622,02/04/2025 11:20
27,02/04/2025,,PERISHABLE,234P,,0,0,0,0,5636770,02/04/2025 12:00,,,02/04/2025 08:57,,02/04/2025 10:12,02/04/2025 11:17,65,,,,0,,MDI BACKHAUL,3T1382,40068479,NESTLE USA/CHILLED BEV DIV.,71148,,BKHL,27RMDIBKH,BRK DOWN,LOGCODEBBRK61_30027,1926,20,0,0,0,0,20,34,14,0,0,0,28200,0,0,,,61,61,0,0,0,0,0,0,0,0,,0,,0,,0,61,67a13a11-1c9d-4acc-9331-06fdb533bea8,0,,,,2924,april.parlier,02/04/2025 10:15,0,april.parlier,02/04/2025 11:18
27,02/04/2025,,DRY,401D,,0,0,0,0,,,,,02/04/2025 08:55,,02/04/2025 08:56,02/04/2025 09:07,11,,,,0,,MDI BACKHAUL,3t1200,40067929,GOLDING FARMS,70155,,BKHL,27RMDIBKH,BRK DOWN,LOGCODEBBRK61_30027,2372,17,0,0,0,0,17,23,6,0,0,0,0,0,0,,,61,61,0,0,0,0,0,0,0,0,,0,,0,,0,61,e14f5e8b-4e60-4c3c-837f-c803f6628541,0,,,,2924,april.parlier,02/04/2025 12:51,0,april.parlier,02/04/2025 12:52
27,02/04/2025,,PERISHABLE,239B,,0,0,0,0,5661148,02/04/2025 12:00,,,02/04/2025 08:43,,02/04/2025 09:09,02/04/2025 09:44,35,,,,0,,MDI BACKHAUL,3T1443,40069689,Turkey hill,0,,BKHL,27RMDIBKH,ROLL OFF,LOGCODEAROFF25_30027,900,15,0,0,0,0,15,15,0,0,0,0,33702,0,0,,,25,25,0,0,0,0,0,0,0,0,,0,,0,,0,25,cc2cefea-985b-4c5c-8750-a8a2f93de9ca,0,,,,2924,april.parlier,02/04/2025 09:15,0,april.parlier,02/04/2025 09:45
27,02/04/2025,,FROZEN,126F,,0,0,0,0,5646538,02/04/2025 03:00,,,02/04/2025 08:42,,02/04/2025 09:02,02/04/2025 10:49,107,,,,0,,MDI BACKHAUL,3T1151,40068645,PET DAIRY (MAYFIELD),26448,,BKHL,27RMDIBKH,BRK DOWN,LOGCODEBBRK61_30027,2875,34,0,0,0,0,34,45,11,0,0,0,29892,0,0,,,61,61,0,0,0,0,0,0,0,0,,0,,0,,0,61,45a4cbf8-f126-4ad3-a71a-4d7683cbdbc3,0,,,,2924,april.parlier,02/04/2025 09:14,0,april.parlier,02/04/2025 10:53
27,02/04/2025,,FROZEN,133F,,1,0,0,0,5654384,02/04/2025 15:00,,,02/04/2025 08:41,,02/04/2025 08:50,02/04/2025 09:01,11,,02/04/2025 09:27,,0,,NS CARRIER,V2021,40069093,MURRY'S INC.,20934,,Vendor Ship,27RCODMDI,BRK DOWN,VDERSHBRK135_30027,700,7,0,0,0,0,7,8,1,0,0,0,5376,0,0,,,150,150,0,0,150,0,0,0,10,0,,0,,0,,0,0,cd971197-b669-46fd-8169-465bd8fbf91c,1,,,,2924,april.parlier,02/04/2025 09:13,0,april.parlier,02/04/2025 09:27
27,02/04/2025,,PERISHABLE,207M,,0,0,0,0,5661048,02/04/2025 16:00,,,02/04/2025 08:40,,02/04/2025 08:41,02/04/2025 11:01,140,,,,0,,MDI BACKHAUL,3T1380,301970,FRESH MARK INC.,10023,,BKHL,27RMDIBKH,BRK DOWN,LOGCODEBBRK61_30027,982,23,0,0,0,0,23,31,8,0,0,0,35551,0,0,,,61,61,0,0,0,0,0,0,0,0,,0,,0,,0,61,3e1a1311-5ef4-48ff-8cb5-d46edb42500b,0,,,,2924,april.parlier,02/04/2025 08:55,0,april.parlier,02/04/2025 11:18
27,02/04/2025,1ST,DRY,402D,,1,1,0,0,5658159,02/04/2025 07:00,,,02/04/2025 08:00,,02/04/2025 08:01,02/04/2025 08:12,11,,02/04/2025 09:09,02/04/2025 09:11,0,,COYOTE LOGISTICS LLC,3D7124,40067572,TOPCO/BAY VALLEY,30456,,Vendor Ship,27RCODMDI,BRK DOWN,VDERSHBRK160_30027,2401,31,0,0,0,0,31,67,36,0,0,0,41438,0,0,,,380,380,0,0,0,0,380,0,10,0,,0,,0,,0,0,664bdcc4-a861-4577-8c18-a619dd0f3e5d,1,,,,2924,159622,02/04/2025 06:01,0,159622,02/04/2025 06:09
27,02/04/2025,1ST,DRY,415,,0,1,0,0,5656829,02/04/2025 10:00,,,02/04/2025 07:53,,02/04/2025 08:06,02/04/2025 08:54,48,,,,0,,MDI BACKHAUL,3T1271,40069265,AMERICAN BEVERAGE CORP,30014,,BKHL,27RMDIBKH,ROLL OFF,LOGCODEAROFF25_30027,2135,18,0,0,0,0,18,18,0,0,0,0,32628,0,0,,,25,25,0,0,0,0,0,0,0,0,,0,,0,,0,25,3450901a-518f-4f23-b059-7595b903e45b,0,,,,2924,159622,02/04/2025 07:54,0,159622,02/04/2025 08:07
27,02/04/2025,1ST,DRY,412,,0,1,0,0,5642013,02/03/2025 23:00,,,02/04/2025 07:52,,02/04/2025 08:26,02/04/2025 08:59,33,,,,0,,MDI BACKHAUL,3D7134,40067703,PREMIUM WATERS INC.,70540,,BKHL,27RMDIBKH,ROLL OFF,LOGCODEAROFF25_30027,29,29,0,0,0,0,29,29,0,0,0,0,46052,0,0,,,25,25,0,0,0,0,0,0,0,0,,0,,0,,0,25,d287b70e-e9b3-4cf8-a7e1-c952d86a98fa,0,,,,2924,159622,02/04/2025 07:54,0,159622,02/04/2025 08:26
27,02/04/2025,1ST,DRY,408D,,1,1,0,0,5675660,02/04/2025 09:00,,,02/04/2025 07:51,,02/04/2025 08:46,02/04/2025 11:00,134,,,,0,,JEAR LOGISTICS LLC,V538699,16350023,NESTLE PURINA PETCARE,30381,,Logistics,27RMDICON,SLIP,LOGCODEFSLP112_30027,2212,0,0,0,0,0,0,53,53,0,0,0,48000,0,0,,,112.5,112.5,0,0,0,0,0,0,0,0,,0,,0,,0,112.5,f5bf6397-6ee2-4010-8b7e-baac0bd3a6b2,0,,,,2924,159622,02/04/2025 07:55,0,73558,02/04/2025 12:19
27,02/04/2025,,DRY,401D,,1,0,0,0,5650938,02/04/2025 11:00,,,02/04/2025 07:46,,02/04/2025 07:47,02/04/2025 08:17,30,,,,0,,ABSOULUTE TRANSPORT INC ,1653,40068248,COLONNA BROTHERS INC,71634,,Vendor Ship,27RCODMDI,BRK DOWN,VDERSHBRK160_30027,964,11,0,0,0,0,11,12,1,0,0,0,9341,0,0,,,175,175,0,0,175,0,0,0,10,0,,0,,0,,0,0,98c19f5a-76cd-4d3e-a5f8-2d3abedee692,1,,,,2924,73558,02/04/2025 07:47,0,73558,02/04/2025 07:57
27,02/04/2025,,FROZEN,135F,,1,0,0,0,5667287,02/04/2025 04:00,,,02/04/2025 07:43,,02/04/2025 08:18,02/04/2025 08:29,11,,02/04/2025 11:21,,0,,SEABOARD TRANSPORT LLC ,V2204,302367,SEABOARD FARMS,0,,Vendor Ship,27RCODMDI,BRK DOWN,VDERSHBRK160_30027,1003,16,0,0,0,0,16,32,16,0,0,0,44923,0,0,,,280,280,0,0,0,0,280,0,10,0,,0,,0,,0,0,6d14fcd4-865c-4728-85bd-95a5d08398f9,1,,,,2924,april.parlier,02/04/2025 09:09,0,april.parlier,02/04/2025 11:21
27,02/04/2025,,PERISHABLE,228P,,1,0,0,0,5669470,02/04/2025 07:00,,,02/04/2025 07:39,,02/04/2025 08:23,02/04/2025 08:34,11,,02/04/2025 09:43,,0,,CLAYTON RAWL FARMS INC,V543,10056778,CLAYTON RAWL FARMS,68478,,Vendor Ship,27RCLAYTON,BRK DOWN,VDERSHBRK160_30027,1119,17,0,0,0,0,17,34,17,0,0,0,28436,0,0,,,265,265,0,0,0,0,0,0,0,10,,0,,0,,0,265,8e0dc5e7-07a8-47cb-bd85-ab213c080286,1,,,,2924,april.parlier,02/04/2025 09:07,0,april.parlier,02/04/2025 09:43
27,02/04/2025,,PERISHABLE,206M,,1,0,0,0,5669474,02/03/2025 07:00,,,02/04/2025 07:38,,02/04/2025 08:18,02/04/2025 08:29,11,,02/04/2025 09:26,,0,,FREYMILLER AKA D AND M CARRIERS,V11533,302025,CARGILL MEAT SOLUTIONS CORP.,10170,,Vendor Ship,27RCODMDI,BRK DOWN,VDERSHBRK135_30027,95,4,0,0,0,0,4,6,2,0,0,0,4827,0,0,,,155,155,0,0,0,0,155,0,10,0,,0,,0,,0,0,14af1fe0-10ed-4f8e-a753-f87556215c0a,1,,,,2924,april.parlier,02/04/2025 08:52,0,april.parlier,02/04/2025 09:26
27,02/04/2025,,PERISHABLE,230P,,0,0,0,0,5665326,02/04/2025 05:00,,,02/04/2025 07:14,,02/04/2025 08:18,02/04/2025 09:02,44,,,,0,,MDI BACKHAUL,3T1050,10056710,DUTT & WAGNER OF VA INC,60001,,BKHL,27RMDIBKH,ROLL OFF,LOGCODEAROFF25_30027,1104,24,0,0,0,0,24,24,0,0,0,0,34095,0,0,,,25,25,0,0,0,0,0,0,0,0,,0,,0,,0,25,502886c0-8418-4e45-91be-2dd11dff6466,0,,,,2924,april.parlier,02/04/2025 08:53,0,april.parlier,02/04/2025 09:03
27,02/04/2025,,PERISHABLE,203M,,0,0,0,0,5631832,02/04/2025 11:00,,,02/04/2025 07:13,,02/04/2025 08:04,02/04/2025 08:22,18,,,01/01/1970 00:00,0,,MDI BACKHAUL,3T1147,40067677,H.P. HOOD INC.,20373,,BKHL,27RMDIBKH,ROLL OFF,LOGCODEAROFF25_30027,810,18,0,0,0,0,18,18,0,0,0,0,33624,0,0,,,25,25,0,0,0,0,0,0,0,0,,0,,0,,0,25,17f11323-4bb7-40c8-a422-21c647bf3d61,0,,,,2924,april.parlier,02/04/2025 08:50,0,april.parlier,02/04/2025 08:51
27,02/04/2025,,FROZEN,131F,,0,0,0,0,5665571,02/04/2025 07:00,,,02/04/2025 07:12,,02/04/2025 07:28,02/04/2025 08:04,36,,,,0,,MDI BACKHAUL,3T1372,301263,ATLANTA CHEESECAKE COMPANY LLC,21630,,BKHL,27RMDIBKH,BRK DOWN,LOGCODEBBRK61_30027,926,12,0,0,0,0,12,15,3,0,0,0,11054,0,0,,,61,61,0,0,0,0,0,0,0,0,,0,,0,,0,61,f01599fc-564e-442c-8ec0-df6eb667dab3,0,,,,2924,april.parlier,02/04/2025 07:38,0,april.parlier,02/04/2025 08:05
27,02/04/2025,1ST,DRY,403D,,0,1,0,0,5577596,02/04/2025 12:00,,,02/04/2025 06:49,,02/04/2025 07:21,02/04/2025 09:37,136,,,,0,,MDI BACKHAUL,3T1300,40065238,TRANSNATIONAL FOODS INC.,71111,,BKHL,27RMDIBKH,BRK DOWN,LOGCODECBRK92_30027,2581,24,0,0,0,0,24,57,33,0,0,0,35951,0,0,,,92.5,92.5,0,0,0,0,0,0,0,0,,0,,0,,0,92.5,fb52dfdf-a9c5-4564-a5eb-47f4cfdc4dda,0,,,,2924,159622,02/04/2025 07:04,0,159622,02/04/2025 08:37
27,02/04/2025,1ST,DRY,413D,,0,1,0,0,5645428,02/04/2025 11:00,,,02/04/2025 06:48,,02/04/2025 07:17,02/04/2025 07:39,22,,,,0,,B AND G SUPPLY COMPANY INC,BNG249,40068721,TOPCO/GLOBAL HARVEST FOODS,70483,,Logistics,27RMDICON,ROLL OFF,LOGCODEAROFF25_30027,1170,24,0,0,0,0,24,24,0,0,0,0,44348,0,0,,,25,25,0,0,0,0,0,0,0,0,,0,,0,,0,25,1680d7dc-9910-448b-a1d4-28061ca8c09e,0,,,,2924,159622,02/04/2025 07:09,0,159622,02/04/2025 07:18
27,02/04/2025,1ST,DRY,414,,0,1,0,0,5639775,02/04/2025 11:00,,,02/04/2025 06:47,,02/04/2025 07:15,02/04/2025 07:34,19,,,,0,,MDI BACKHAUL,3D7346,40066828,NIAGARA BOTTLING LLC,70387,,BKHL,27RMDIBKH,ROLL OFF,LOGCODEAROFF25_30027,504,19,0,0,0,0,19,19,0,0,0,0,6756,0,0,,,25,25,0,0,0,0,0,0,0,0,,0,,0,,0,25,2dd7e7d5-462f-4656-b5b6-832015d76098,0,,,,2924,159622,02/04/2025 07:08,0,159622,02/04/2025 07:16
27,02/04/2025,,PERISHABLE,204M,,0,0,0,0,5647967,02/04/2025 10:00,,,02/04/2025 06:38,,02/04/2025 06:44,02/04/2025 08:17,93,,,,0,,STEVENS TRANSPORT INC,V1706,40066969,MASTERS GALLERY FOODS INC.,71528,,Logistics,27RMDICON,BRK DOWN,LOGCODECBRK92_30027,4390,35,0,0,0,0,35,62,27,0,0,0,7135,0,0,,,92.5,92.5,0,0,0,0,0,0,0,0,,0,,0,,0,92.5,b1ba0065-8559-4521-abac-ef3fc85a83ab,0,,,,2924,april.parlier,02/04/2025 06:58,0,april.parlier,02/04/2025 08:50
27,02/04/2025,1ST,DRY,406D,,1,1,0,0,5661132,02/04/2025 06:00,,,02/04/2025 06:32,,02/04/2025 07:19,02/04/2025 07:47,28,,02/04/2025 09:34,,0,,AVERITT EXPRESS INC,V543905,40068717,COMMUNITY COFFEE COMPANY,70135,,Vendor Ship,27RCODMDI,BRK DOWN,VDERSHBRK135_30027,112,2,0,0,0,0,2,4,2,0,0,0,665,0,0,,,155,155,0,0,0,0,155,0,10,0,,0,,0,,0,0,b6fec2e1-31dd-48a6-9b4a-7b702c47f195,1,,,,2924,159622,02/04/2025 07:06,0,159622,02/04/2025 07:33
27,02/04/2025,,PERISHABLE,207M,,1,0,0,0,5650509,02/04/2025 04:00,,,02/04/2025 06:19,,02/04/2025 06:20,02/04/2025 06:31,11,,02/04/2025 07:50,,0,,US COLD STORAGE,V2114,40066991,ICELANDIC PROVISIONS INC,70463,,Vendor Ship,27RCODMDI,BRK DOWN,VDERSHBRK160_30027,780,12,0,0,0,0,12,31,19,0,0,0,4112,0,0,,,265,265,0,0,0,0,265,0,10,0,,0,,0,,0,0,682e37f1-9eb8-4848-919d-c8f8b818dc9d,1,,,,2924,april.parlier,02/04/2025 06:32,0,april.parlier,02/04/2025 07:50
27,02/04/2025,,PERISHABLE,238B,,1,0,0,0,5663944,02/04/2025 06:00,,,02/04/2025 06:14,,02/04/2025 06:15,02/04/2025 06:26,11,,02/04/2025 06:48,,0,,MAIN STREET LOGISTICS,V693037,10055999,INTERNATIONAL FOODSOURCE,60376,,Vendor Ship,27RCODMDI,BRK DOWN,VDERSHBRK160_30027,1050,15,0,0,0,0,15,16,1,0,0,0,22525,0,0,,,175,175,0,0,0,0,175,0,10,0,,0,,0,,0,0,1ae72a05-9f39-43ff-953e-3412ea718a1a,1,,,,2924,april.parlier,02/04/2025 06:31,0,april.parlier,02/04/2025 06:48
27,02/04/2025,,DRY,410D,,1,0,0,0,5646916,02/04/2025 07:00,,,02/04/2025 06:13,,02/04/2025 06:14,02/04/2025 06:36,22,,02/04/2025 07:03,,0,,DEDICATED LOGISTICS SERVICES,V150429,40068604,BARILLA AMERICA INC.,70593,,Vendor Ship,27RCODMDI,BRK DOWN,VDERSHBRK160_30027,2808,22,0,0,0,0,22,52,30,0,0,0,43783,0,0,,,320,320,0,0,0,0,320,0,10,0,,0,,0,,0,0,942b433c-f986-49f7-883f-e1257fad5e3b,1,,,,2924,159622,02/04/2025 06:18,0,159622,02/04/2025 07:02
27,02/04/2025,,DRY,401D,,0,0,0,0,,,,,02/04/2025 06:10,,02/04/2025 06:11,02/04/2025 06:22,11,,,,0,,COYOTE LOGISTICS,3D7196,40068144,BAY VALLEY,71171,,Logistics,27RMDICON,BRK DOWN,LOGCODECBRK92_30027,3133,40,0,0,0,0,40,69,29,0,0,0,0,0,0,,,92.5,92.5,0,0,0,0,0,0,0,0,,0,,0,,0,92.5,9a649744-713c-4fc5-8960-41a5d1aece44,0,,,,2924,april.parlier,02/04/2025 13:22,0,april.parlier,02/04/2025 13:23
27,02/04/2025,1ST,DRY,411D,,0,1,0,0,5654929,02/04/2025 05:00,,,02/04/2025 06:07,,02/04/2025 07:01,02/04/2025 07:19,18,,,,0,,MDI BACKHAUL,3T1240,40068401,SUNNY DELIGHT BEVERAGE CO.,70821,,BKHL,27RMDIBKH,ROLL OFF,LOGCODEAROFF25_30027,20,20,0,0,0,0,20,20,0,0,0,0,19900,0,0,,,25,25,0,0,0,0,0,0,0,0,,0,,0,,0,25,920db1f6-a64a-4792-bce2-03be4b081246,0,,,,2924,159622,02/04/2025 07:11,0,159622,02/04/2025 07:35
27,02/04/2025,,PERISHABLE,241B,,1,0,0,0,5657869,02/04/2025 06:00,,,02/04/2025 05:47,,02/04/2025 05:56,02/04/2025 06:07,11,,02/04/2025 06:29,,0,,CH ROBINSON,V2021,40068222,THE A2 MILK COMPANY,74060,,Vendor Ship,27RCODMDI,BRK DOWN,VDERSHBRK135_30027,510,7,0,0,0,0,7,8,1,0,0,0,12810,0,0,,,150,150,0,0,0,0,150,0,10,0,,0,,0,,0,0,359fe7e1-4724-4dc9-aa28-685acb1d12ac,1,,,,2924,april.parlier,02/04/2025 06:09,0,april.parlier,02/04/2025 06:29
27,02/04/2025,1ST,DRY,407D,,1,1,0,0,5642869,02/04/2025 05:00,,,02/04/2025 05:10,,02/04/2025 05:19,02/04/2025 06:20,61,,02/04/2025 08:11,,0,,NESTLE TRANSPORTATION COMPANY ,V6203,40068745,NESTLE USA INC,24712,,Vendor Ship,27RCODMDI,BRK DOWN,VDERSHBRK160_30027,5406,14,0,0,0,0,14,76,62,0,0,0,45627,0,0,,,440,440,0,0,0,0,440,0,10,0,,0,,0,,0,0,647c2159-50ed-4393-b7ca-c069e246a0e1,1,,,,2924,159622,02/04/2025 05:25,0,159622,02/04/2025 08:11
27,02/04/2025,1ST,DRY,414,,1,1,0,0,5657451,02/04/2025 05:00,,,02/04/2025 05:09,,02/04/2025 05:32,02/04/2025 05:56,24,,02/04/2025 05:36,,0,,C AND L LOGISTICS INC,V5543,40069304,DIAMOND DRINKS,23961,,Logistics,27RMDICON,ROLL OFF,LOGCODEAROFF25_30027,1152,24,0,0,0,0,24,24,0,0,0,0,41652,0,0,,,25,25,0,0,0,0,0,0,0,0,,0,,0,,0,25,fd8f5afc-a26e-4adf-83f6-ec1868b1b1aa,0,,,,2924,159622,02/04/2025 05:26,0,159622,02/04/2025 05:36
27,02/04/2025,,PERISHABLE,232P,,0,0,0,0,5656845,02/04/2025 03:00,,,02/04/2025 05:04,,02/04/2025 06:22,02/04/2025 08:41,139,,,,0,,MDI BACKHAUL,3T1447,302040,RESER'S FINE FOODS,10193,,BKHL,27RMDIBKH,BRK DOWN,LOGCODECBRK92_30027,2076,30,0,0,0,0,30,61,31,0,0,0,28478,0,0,,,92.5,92.5,0,0,0,0,0,0,0,0,,0,,0,,0,92.5,a9e0fbda-d2fb-4c70-b4f6-79271e816c16,0,,,,2924,april.parlier,02/04/2025 06:23,0,april.parlier,02/04/2025 08:42
27,02/04/2025,1ST,DRY,409D,,1,1,0,0,5638668,02/05/2025 04:00,,,02/04/2025 05:03,,02/04/2025 06:03,02/04/2025 06:58,55,,02/04/2025 09:23,,0,,DSC LOGISTICS INC,V1219,40067892,IDAHOAN FOODS LLC,70395,,Vendor Ship,27RCODMDI,BRK DOWN,VDERSHBRK160_30027,4784,39,0,0,0,0,39,54,15,0,0,0,22064,0,0,90,Additional Items,365,365,0,0,0,0,365,0,10,0,,0,,0,,0,0,0a8d435c-623c-4e05-b342-5dcafe46bb23,1,,,,2924,159622,02/04/2025 05:27,0,159622,02/04/2025 09:10
27,02/04/2025,1ST,DRY,402D,,0,1,0,0,5660101,02/04/2025 07:00,,,02/04/2025 05:03,,02/04/2025 05:36,02/04/2025 05:50,14,,,,0,,MDI BACKHAUL,3D7367,40067142,NIAGARA BOTTLING LLC,70387,,BKHL,27RMDIBKH,ROLL OFF,LOGCODEAROFF25_30027,18,18,0,0,0,0,18,18,0,0,0,0,43758,0,0,,,25,25,0,0,0,0,0,0,0,0,,0,,0,,0,25,81ae1bab-af1d-4824-9c1b-2228033d82c4,0,,,,2924,159622,02/04/2025 05:28,0,159622,02/04/2025 05:36
27,02/04/2025,,DRY,401D,,0,0,0,0,,,,,02/04/2025 05:00,,02/04/2025 05:01,02/04/2025 05:12,11,,,,0,,CARGO,273380,40067287,SENECA,0,,Logistics,27RMDICON,BRK DOWN,LOGCODEBBRK61_30027,1909,18,0,0,0,0,18,27,9,0,0,0,0,0,0,,,61,61,0,0,0,0,0,0,0,0,,0,,0,,0,61,003c261d-b59a-4d2e-b092-10955ac53314,0,,,,2924,april.parlier,02/04/2025 12:48,0,april.parlier,02/04/2025 12:48
27,02/04/2025,,PERISHABLE,209M,,1,0,0,0,5654454,02/04/2025 05:00,,,02/04/2025 05:00,,02/04/2025 05:30,02/04/2025 05:41,11,,02/04/2025 07:54,,0,,CAROLINA PRIDE FOODS INC,V099396,302229,CAROLINA PRIDE LLC,12356,,Vendor Ship,27RCODMDI,BRK DOWN,VDERSHBRK160_30027,4544,15,0,0,0,0,15,59,44,0,0,0,42818,0,0,,,410,410,0,0,410,0,0,0,10,0,,0,,0,,0,0,f7efb509-d619-4bd7-aaa1-c090ba70598e,1,,,,2924,april.parlier,02/04/2025 05:35,0,april.parlier,02/04/2025 07:54
27,02/04/2025,,DRY,401D,,0,0,0,0,5656999,02/03/2025 00:00,,,02/04/2025 05:00,,02/04/2025 05:01,02/04/2025 05:12,11,,,,0,,SHAMROCK FREIGHT BROKERS INC,GJT7783,40068245,TOPCO/SENECA,21377,,Logistics,27RMDICON,BRK DOWN,LOGCODEBBRK61_30027,1789,19,0,0,0,0,19,21,2,0,0,0,0,0,0,,,61,61,0,0,0,0,0,0,0,0,,0,,0,,0,61,5dfce9ee-4c34-4375-a879-9578211e5655,0,,,,2924,april.parlier,02/04/2025 12:45,0,april.parlier,02/04/2025 12:46
27,02/04/2025,,PERISHABLE,234P,,0,0,0,0,5665332,02/04/2025 04:00,,,02/04/2025 04:39,,02/04/2025 05:36,02/04/2025 06:46,70,,,,0,,MDI BACKHAUL,3T1150,10056711,DUTT & WAGNER OF VA INC,60001,,BKHL,27RMDIBKH,ROLL OFF,LOGCODEAROFF25_30027,888,24,0,0,0,0,24,24,0,0,0,0,32837,0,0,,,25,25,0,0,0,0,0,0,0,0,,0,,0,,0,25,b9b23c94-ce20-459f-b444-be77aa3fb068,0,,,,2924,april.parlier,02/04/2025 05:38,0,april.parlier,02/04/2025 06:47
27,02/04/2025,,FROZEN,137F,,1,0,0,0,,,,,02/04/2025 04:38,,02/04/2025 07:50,02/04/2025 08:01,11,,02/04/2025 09:55,,0,,CLEMENTS FOODS ,5318,301520,A&F EXPORTS INC,10015,,Vendor Ship,27RCODMDI,BRK DOWN,VDERSHBRK160_30027,1433,24,0,0,0,0,24,40,16,0,0,0,0,0,0,,,250,250,0,0,0,0,250,0,10,0,,0,,0,,0,0,5f278c51-dd53-4734-8146-97ab2fdc99ae,1,,,,2924,april.parlier,02/04/2025 09:21,0,april.parlier,02/04/2025 09:55
27,02/04/2025,,FROZEN,137F,,1,0,0,0,5667766,02/04/2025 04:00,,,02/04/2025 04:38,,02/04/2025 07:50,02/04/2025 08:01,11,,02/04/2025 11:22,,0,,FOUR WAYS,V262,301520,UNKNOWN,0,,Vendor Ship,27RCODMDI,BRK DOWN,VDERSHBRK160_30027,1300,24,0,0,0,0,24,40,16,0,0,0,27407,0,0,,,250,250,0,0,0,0,250,0,10,0,,0,,0,,0,0,9be71d18-2232-4df9-af39-2acb4b2dbbe3,1,,,,2924,april.parlier,02/04/2025 04:42,0,april.parlier,02/04/2025 11:22
27,02/04/2025,,PERISHABLE,206M,,0,0,0,0,5655073,02/04/2025 15:00,,,02/04/2025 04:28,,02/04/2025 05:30,02/04/2025 05:50,20,,,,0,,MARTEN TRANSPORT LTD,MAR23976,16550028,MINUTE MAID COMPANY,0,,Logistics,27RMDICON,ROLL OFF,LOGCODEAROFF25_30027,1954,22,0,0,0,0,22,22,0,0,0,0,43973,0,0,,,25,25,0,0,0,0,0,0,0,0,,0,,0,,0,25,ac3a8782-ced1-4ba1-a6e2-1b6b3ce38515,0,,,,2924,april.parlier,02/04/2025 05:33,0,april.parlier,02/04/2025 05:51
27,02/04/2025,1ST,DRY,415,,1,1,0,0,5643077,02/04/2025 06:00,,,02/04/2025 04:27,,02/04/2025 05:24,02/04/2025 05:59,35,,02/04/2025 06:51,,0,,RJW TRANSPORT INC,V80028,40068158,EOS PRODUCTS LLC,40537,,Vendor Ship,27RCODMDI,BRK DOWN,VDERSHBRK135_30027,454,7,0,0,0,0,7,13,6,0,0,0,10895,0,0,,,185,185,0,0,0,0,185,0,10,0,,0,,0,,0,0,92d2e7b7-b7f0-4f48-b2ad-23d66cd6f6e9,1,,,,2924,159622,02/04/2025 05:29,0,159622,02/04/2025 06:51
27,02/04/2025,1ST,DRY,412,,1,1,0,0,5648900,02/04/2025 04:00,,,02/04/2025 04:26,,02/04/2025 05:24,02/04/2025 05:55,31,,02/04/2025 06:00,,0,,RTS HOLDINGS LLC DBA ROADONE INTERMODALOGISTICS,V537102,40068599,MARUCHAN INC.,72443,,Vendor Ship,27RCODMDI,BRK DOWN,VDERSHBRK160_30027,8460,60,0,0,0,0,60,61,1,0,0,0,32495,0,0,,,205,205,0,0,0,0,205,0,10,0,,0,,0,,0,0,3126c12e-8282-4577-9185-810e68d69e3c,1,,,,2924,159622,02/04/2025 05:31,0,159622,02/04/2025 05:59
27,02/04/2025,,PERISHABLE,208M,,0,0,0,0,5641162,02/04/2025 20:00,,,02/04/2025 04:15,,02/04/2025 05:22,02/04/2025 05:35,13,,,,0,,MDI BACKHAUL,3T1266,40068695,H.P. HOOD INC.,20373,,BKHL,27RMDIBKH,ROLL OFF,LOGCODEAROFF25_30027,925,17,0,0,0,0,17,17,0,0,0,0,32088,0,0,,,25,25,0,0,0,0,0,0,0,0,,0,,0,,0,25,901c02cc-8024-40bd-a33b-0601e4d10103,0,,,,2924,april.parlier,02/04/2025 05:30,0,april.parlier,02/04/2025 05:37
27,02/04/2025,,PERISHABLE,239B,,1,0,0,0,5601938,02/04/2025 04:00,,,02/04/2025 04:14,,02/04/2025 05:12,02/04/2025 05:23,11,,02/04/2025 05:40,,0,,SOLI ORGANIC INC,V2153133,10055854,SHENANDOAH GROWERS,60743,,Vendor Ship,27RCODMDI,BRK DOWN,VDERSHBRK160_30027,1648,12,0,0,0,0,12,55,43,0,0,0,7498,0,0,,,385,385,0,0,0,0,385,0,10,0,,0,,0,,0,0,98255a2c-15ab-4198-81c0-6cf67ae05d84,1,,,,2924,april.parlier,02/04/2025 05:15,0,april.parlier,02/04/2025 05:40
27,02/04/2025,,PERISHABLE,202M,,1,0,0,0,5639984,02/04/2025 04:00,,,02/04/2025 04:13,,02/04/2025 05:10,02/04/2025 05:21,11,,02/04/2025 05:39,,0,,GEORGE DELALLO,V635,301125,GEORGE DELALLO COMPANY INC.,10094,,Vendor Ship,27RCODMDI,BRK DOWN,VDERSHBRK135_30027,254,2,0,0,0,0,2,12,10,0,0,0,3280,0,0,,,195,195,0,0,0,0,195,0,10,0,,0,,0,,0,0,64f073e9-ea53-44aa-a663-8fc6740512be,1,,,,2924,april.parlier,02/04/2025 05:13,0,april.parlier,02/04/2025 05:39
27,02/04/2025,1ST,DRY,403D,,1,1,0,0,5674533,02/04/2025 10:00,,,02/04/2025 04:08,,02/04/2025 04:22,02/04/2025 05:38,76,,02/04/2025 05:38,,0,,ARRIVE LOGISTICS AKA DM TRANS,V532171,40068732,KELLANOVA COMPANY,30007,,Logistics,27RMDICON,BRK DOWN,LOGCODECBRK92_30027,3997,60,0,0,0,0,60,69,9,0,0,0,25735,0,0,,,92.5,92.5,0,0,0,0,0,0,0,0,,0,,0,,0,92.5,f90b6129-0c97-4826-b922-d2f9dda6a51e,0,,,,2924,159622,02/04/2025 05:37,0,159622,02/04/2025 05:38
27,02/04/2025,,FROZEN,127F,,1,0,0,0,5660074,02/04/2025 04:00,,,02/04/2025 04:06,,02/04/2025 04:10,02/04/2025 04:21,11,,02/04/2025 06:48,,0,,TOTAL QUALITY LOGISTICS LLC,V96,302158,CORINTHIAN FOODS,11264,,Vendor Ship,27RCODMDI,BRK DOWN,VDERSHBRK160_30027,1345,30,0,0,0,0,30,35,5,0,0,0,44119,0,0,,,195,195,0,0,0,0,195,0,10,0,,0,,0,,0,0,f77a45e6-4e47-427b-9f1c-e89547ddee6d,1,,,,2924,april.parlier,02/04/2025 04:21,0,april.parlier,02/04/2025 06:47
27,02/04/2025,,PERISHABLE,228P,,0,0,0,0,5656839,02/04/2025 04:00,,,02/04/2025 04:05,,02/04/2025 04:10,02/04/2025 05:22,72,,,,0,,MDI BACKHAUL,3T1324,302081,RESER'S FINE FOODS,10193,,BKHL,27RMDIBKH,BRK DOWN,LOGCODECBRK92_30027,1101,30,0,0,0,0,30,47,17,0,0,0,10968,0,0,,,92.5,92.5,0,0,0,0,0,0,0,0,,0,,0,,0,92.5,bd8ed85f-3ac6-4b66-84fb-67b4d7875042,0,,,,2924,april.parlier,02/04/2025 04:20,0,april.parlier,02/04/2025 05:27
27,02/04/2025,,PERISHABLE,240B,,0,0,0,0,5666656,02/04/2025 04:00,,,02/04/2025 04:04,,02/04/2025 04:10,02/04/2025 05:10,60,,,,0,,MDI BACKHAUL,3T1469,10056775,"NATURE'S WAY FARMS, INC.",61825,,BKHL,27RMDIBKH,BRK DOWN,LOGCODEBBRK61_30027,716,28,0,0,0,0,28,33,5,0,0,0,38222,0,0,,,61,61,0,0,0,0,0,0,0,0,,0,,0,,0,61,ee6b6cda-e029-4336-951b-e5186c7d2fbc,0,,,,2924,april.parlier,02/04/2025 04:19,0,april.parlier,02/04/2025 05:11
27,02/04/2025,,FROZEN,132F,,0,0,0,0,5665632,02/04/2025 04:00,,,02/04/2025 04:03,,02/04/2025 04:10,02/04/2025 06:44,154,,,,0,,MDI BACKHAUL,3T1217,40069352,GENERAL MILLS FINANCE INC.,20042,,BKHL,27RMDIBKH,BRK DOWN,LOGCODECBRK92_30027,1740,30,0,0,0,0,30,55,25,0,0,0,24783,0,0,,,92.5,92.5,0,0,0,0,0,0,0,0,,0,,0,,0,92.5,19bbb7a2-6aad-4d9a-83b6-6fdb4eceb389,0,,,,2924,april.parlier,02/04/2025 04:18,0,april.parlier,02/04/2025 06:46
27,02/04/2025,,FROZEN,130F,,1,0,0,0,5662566,02/04/2025 04:00,,,02/04/2025 03:43,,02/04/2025 03:45,02/04/2025 03:56,11,,02/04/2025 04:31,,0,,TRINITY TRANSPORT,V18111,302173,MARITIME PRODUCTS INT.,10382,,Vendor Ship,27RCODMDI,BRK DOWN,VDERSHBRK160_30027,1400,20,0,0,0,0,20,29,9,0,0,0,30018,0,0,,,215,215,0,0,0,0,215,0,10,0,,0,,0,,0,0,f8403bd0-8af8-4bb2-9f33-ac8143ae41d1,1,,,,2924,april.parlier,02/04/2025 03:50,0,april.parlier,02/04/2025 04:31
27,02/04/2025,,PERISHABLE,241B,,1,0,0,0,5674231,02/04/2025 04:00,,,02/04/2025 03:36,,02/04/2025 03:37,02/04/2025 03:48,11,,02/04/2025 10:02,,0,,WRIGHT BROTHERS TOMATOES,V530,10056780,WRIGHT BROTHERS TOMATO COMPANY,60667,,Vendor Ship,27RCODMDI,ROLL OFF,VDERSHRO135_30027,180,5,0,0,0,0,5,5,0,0,0,0,5130,0,0,,,145,145,0,0,0,0,145,0,10,0,,0,,0,,0,0,59c51913-0743-49bb-aa16-8c37485dc7d7,1,,,,2924,april.parlier,02/04/2025 03:47,0,april.parlier,02/04/2025 10:02
27,02/04/2025,,PERISHABLE,233P,,1,0,0,0,5668270,02/04/2025 03:00,,,02/04/2025 03:15,,02/04/2025 03:22,02/04/2025 03:33,11,,02/04/2025 07:52,,0,,DOT TRANSPORTATION INC,V4502,302042,DOT-DE-BITCHIN' SAUCE,10153,,Vendor Ship,27RCODMDI,BRK DOWN,VDERSHBRK160_30027,4502,20,0,0,0,0,20,89,69,0,0,0,777,0,0,,,440,440,0,0,0,0,440,0,10,0,,0,,0,,0,0,9a529362-96a7-482b-ad16-cac606c1cd86,1,,,,2924,april.parlier,02/04/2025 03:28,0,april.parlier,02/04/2025 07:52
27,02/04/2025,,PERISHABLE,242B,,1,0,0,0,5664388,02/04/2025 03:00,,,02/04/2025 03:15,,02/04/2025 03:22,02/04/2025 03:33,11,,02/04/2025 06:08,,0,,ENGLAND LOGISTICS INC ,V2216,10056705,THE LITTLE POTATO COMPANY,60176,,Vendor Ship,27RCODMDI,BRK DOWN,VDERSHBRK160_30027,1384,12,0,0,0,0,12,35,23,0,0,0,27220,0,0,,,285,285,0,0,0,0,285,0,10,0,,0,,0,,0,0,143fbee3-e7f0-4854-93ae-ac8fa0754cf4,1,,,,2924,april.parlier,02/04/2025 03:29,0,april.parlier,02/04/2025 06:08
27,02/04/2025,,FROZEN,126F,,0,0,0,0,5597023,02/04/2025 03:00,,,02/04/2025 03:15,,02/04/2025 03:22,02/04/2025 03:43,21,,,,0,,MDI BACKHAUL,3T1468,300704,BARNEY'S BAKERY INC,22561,,BKHL,27RMDIBKH,ROLL OFF,LOGCODEAROFF25_30027,244,6,0,0,0,0,6,6,0,0,0,0,2626,0,0,,,25,25,0,0,0,0,0,0,0,0,,0,,0,,0,25,37143429-5293-4bcf-9f84-af92e206e4d8,0,,,,2924,april.parlier,02/04/2025 03:24,0,april.parlier,02/04/2025 04:17
27,02/04/2025,1ST,DRY,405D,,0,1,0,0,,,,,02/04/2025 03:15,,02/04/2025 03:56,02/04/2025 09:38,342,,,,0,,MDI BACKHAUL,3d7263,40068634,ESTES,0,,BKHL,27RMDIBKH,BRK DOWN,LOGESTES74_300027,3869,39,0,0,0,0,39,135,96,0,0,0,48227,0,0,,,340,340,0,0,0,0,0,0,0,0,,0,,0,,0,340,8d7072cf-7cfa-4aa3-9767-13b322bffdaf,0,,,,2924,159622,02/04/2025 05:05,0,159622,02/04/2025 09:39
27,02/04/2025,,PERISHABLE,203M,,1,0,0,0,5655411,02/04/2025 02:00,,,02/04/2025 03:15,,02/04/2025 03:22,02/04/2025 03:33,11,,02/04/2025 03:57,,0,,X TREME TRUCKING LLC,V531601,40069328,SARGENTO FOODS INC.,70838,,Vendor Ship,27RCODMDI,BRK DOWN,VDERSHBRK160_30027,3500,18,0,0,0,0,18,61,43,0,0,0,19514,0,0,,,385,385,0,0,385,0,0,0,10,0,,0,,0,,0,0,d0fd4efb-98a4-4b6e-a2f6-7a33aeb3a510,1,,,,2924,april.parlier,02/04/2025 03:31,0,april.parlier,02/04/2025 03:57
27,02/04/2025,,DRY,411D,,0,1,0,0,5639769,02/04/2025 02:00,,,02/04/2025 03:10,,02/04/2025 03:21,02/04/2025 04:59,98,,,,0,,MDI BACKHAUL,3D7262,40067155,TOPCO/NIAGARA WATER,70050,,BKHL,27RMDIBKH,ROLL OFF,LOGCODEAROFF25_30027,1176,14,0,0,0,0,14,14,0,0,0,0,15698,0,0,,,25,25,0,0,0,0,0,0,0,0,,0,,0,,0,25,385b4e1e-1b30-4aea-b277-bab7256a2708,0,,,,2924,159622,02/04/2025 04:59,0,159622,02/04/2025 04:59
27,02/04/2025,1ST,DRY,408D,,0,1,0,0,5660468,02/04/2025 03:00,,,02/04/2025 03:00,,02/04/2025 03:27,02/04/2025 04:20,53,,,,0,,CARGO TRANSPORTERS INC,CAR273545,16350020,NESTLE PURINA PETCARE,30381,,Logistics,27RMDICON,SLIP,LOGCODEFSLP112_30027,3926,0,0,0,0,0,0,67,67,0,0,0,30412,0,0,,,112.5,112.5,0,0,0,0,0,0,0,0,,0,,0,,0,112.5,dab22726-b4b3-486d-b3fc-99ae15e9090c,0,,,,2924,159622,02/04/2025 05:39,0,159622,02/04/2025 06:20
27,02/04/2025,,DRY,406D,,0,0,0,0,5664722,02/04/2025 03:00,,,02/04/2025 03:00,,02/04/2025 03:29,02/04/2025 04:00,31,,,,0,,MDI BACKHAUL,3D7297,40069286,CAMPBELL SALES COMPANY,70160,,BKHL,27RMDIBKH,BRK DOWN,LOGCODEBBRK61_30027,1767,16,0,0,0,0,16,22,6,0,0,0,38389,0,0,,,61,61,0,0,0,0,0,0,0,0,,0,,0,,0,61,3663e169-e996-4b0d-8d7d-d7b98c0842f3,0,,,,2924,159622,02/04/2025 05:00,0,159622,02/04/2025 05:01
27,02/04/2025,1ST,DRY,410D,,0,1,0,0,5656864,02/04/2025 03:00,,,02/04/2025 03:00,,02/04/2025 03:25,02/04/2025 04:58,93,,,,0,,MDI BACKHAUL,3T1242,40067985,ALTA FOODS LLC,30331,,BKHL,27RMDIBKH,BRK DOWN,LOGCODEBBRK61_30027,1430,28,0,0,0,0,28,36,8,0,0,0,26579,0,0,,,61,61,0,0,0,0,0,0,0,0,,0,,0,,0,61,4ef84644-86a7-4e13-8691-fe983bbce13f,0,,,,2924,159622,02/04/2025 04:23,0,159622,02/04/2025 04:58
27,02/04/2025,1ST,DRY,413,,0,1,0,0,5657132,02/04/2025 02:00,,,02/04/2025 03:00,,02/04/2025 03:24,02/04/2025 03:51,27,,,,0,,MDI BACKHAUL,3T1290,40068740,MT. OLIVE PICKLE CO. INC.,70448,,BKHL,27RMDIBKH,BRK DOWN,LOGCODEBBRK61_30027,2181,23,0,0,0,0,23,24,1,0,0,0,34639,0,0,,,61,61,0,0,0,0,0,0,0,0,,0,,0,,0,61,694a7d63-bf11-4549-8a56-dd9b19132f8f,0,,,,2924,159622,02/04/2025 04:25,0,159622,02/04/2025 04:34
